/* Nhap gia tri cho bang Faculty */
INSERT INTO `Faculty` VALUES(1,'Máy Tính');
INSERT INTO `Faculty` VALUES(2,'Cơ Khí');
INSERT INTO `Faculty` VALUES(3,'Khoa Học Ứng Dụng');
INSERT INTO `Faculty` VALUES(4,'Điện - Điện Tử');

/* Nhap gia tri cho bang Student */
INSERT INTO `Student` VALUES(2010365,'Nguyễn Văn An','Nam','2002-01-01',1,'Bình thường',1,0);
INSERT INTO `Student` VALUES(2010228,'Trần Lộc','Nam','2002-10-23',1,'Bình thường',1,0);
INSERT INTO `Student` VALUES(2010396,'Lê Văn Toàn','Nam','2002-09-07',1,'Bình thường',1,0);
INSERT INTO `Student` VALUES(2010742,'Nguyễn Hữu Toản','Nam','2002-11-08',1,'Bình thường',1,0);
INSERT INTO `Student` VALUES(2010837,'Lê Duy Hải','Nam','2002-01-02',2,'Bình thường',1,0);
INSERT INTO `Student` VALUES(2010925,'Võ Thế Kiệt','Nam','2002-12-21',2,'Bình thường',1,0);
INSERT INTO `Student` VALUES(2011386,'Đặng Minh Lâm','Nam','2001-05-14',2,'Bình thường',1,0);
INSERT INTO `Student` VALUES(2011457,'Võ Anh Thư','Nữ','2002-04-19',3,'Bình thường',1,0);
INSERT INTO `Student` VALUES(2011595,'Trần Thu Thảo','Nữ','2002-07-06',3,'Bình thường',1,0);
INSERT INTO `Student` VALUES(2011833,'Trương Ngọc Bảo','Nam','2001-02-25',3,'Bình thường',1,0);
INSERT INTO `Student` VALUES(2012654,'Đỗ Thị Thanh Thảo','Nữ','2002-03-31',4,'Bình thường',1,0);
INSERT INTO `Student` VALUES(2013523,'Võ Minh Trang','Nữ','2002-05-01',4,'Bình thường',1,0);
INSERT INTO `Student` VALUES(2014394,'Nguyễn Khắc Tín','Nam','2001-05-24',1,'Bình thường',1,0);
INSERT INTO `Student` VALUES(1910021,'Hoàng Sơn','Nam','2001-09-29',1,'Bình thường',2,0);
INSERT INTO `Student` VALUES(1910674,'Nguyễn Đăng Việt','Nam','2001-07-16',2,'Bình thường',2,0);
INSERT INTO `Student` VALUES(1910865,'Nguyễn Anh Thơ','Nữ','2001-04-27',3,'Bình thường',2,0);
INSERT INTO `Student` VALUES(1911949,'Nguyễn Ngọc Minh Quân','Nam','2001-04-01',4,'Bình thường',2,0);
INSERT INTO `Student` VALUES(1918224,'Trần Hoàng Phú','Nam','2001-12-28',1,'Bình thường',2,0);
INSERT INTO `Student` VALUES(1810375,'Đoàn Văn Chiến','Nam','2000-02-24',1,'Bình thường',3,0);
INSERT INTO `Student` VALUES(1810673,'Nguyễn Thanh Hải','Nam','2000-05-09',1,'Bình thường',3,0);
INSERT INTO `Student` VALUES(1810796,'Bùi Ngọc Thảo','Nữ','1997-06-30',2,'Bình thường',3,0);
INSERT INTO `Student` VALUES(1811258,'Nguyễn Thảo Nguyên','Nữ','1999-01-18',4,'Bình thường',3,0);
INSERT INTO `Student` VALUES(1811992,'Bùi Thị Thúy Ngọc','Nữ','2000-08-30',4,'Bình thường',3,0);
INSERT INTO `Student` VALUES(1710364,'Tống Xuân Tú','Nam','1999-04-26',1,'Bình thường',4,0);
INSERT INTO `Student` VALUES(1710968,'Phan Tuấn Anh','Nam','1999-10-12',1,'Bình thường',4,0);

/* Nhap gia tri cho bang Dependend */
INSERT INTO `Dependend` VALUES(2010365,'Nguyễn Văn Tuấn','Bố');
INSERT INTO `Dependend` VALUES(2010837,'Đào Thị Hoa','Mẹ');
INSERT INTO `Dependend` VALUES(2010925,'Võ Thế Khoa','Anh trai');
INSERT INTO `Dependend` VALUES(2011833,'Trương Tuấn Tú','Bố');
INSERT INTO `Dependend` VALUES(1910021,'Nguyễn Thị Thủy','Mẹ');
INSERT INTO `Dependend` VALUES(1910865,'Nguyễn Văn Quang','Bố');
INSERT INTO `Dependend` VALUES(1810673,'Lê Thị Kiều Oanh','Mẹ');

/* Nhap gia tri cho bang Subject */
INSERT INTO `Subject` VALUES(1003,'Nhập Môn Lập Trình',4,1);
INSERT INTO `Subject` VALUES(1004,'Mạng Máy Tính',3,1);
INSERT INTO `Subject` VALUES(1001,'Toán Rời Rạc',4,1);
INSERT INTO `Subject` VALUES(1002,'Cấu Trúc Dữ Liệu và Giải Thuật',4,1);
INSERT INTO `Subject` VALUES(1007,'Nhập Môn Điện Toán',3,1);
INSERT INTO `Subject` VALUES(2009,'Vẽ Kỹ Thuật',3,2);
INSERT INTO `Subject` VALUES(2003,'Cơ Lý Thuyết',2,2);
INSERT INTO `Subject` VALUES(3001,'Giải Tích 1',4,3);
INSERT INTO `Subject` VALUES(3003,'Vật Lý 1',4,3);
INSERT INTO `Subject` VALUES(3007,'Phương Pháp Tính',3,3);
INSERT INTO `Subject` VALUES(4001,'Kỹ Thuật Số',3,4);

/* Nhap gia tri cho bang Semester */
INSERT INTO `Semester` VALUES(181,'2018-2019',300000);
INSERT INTO `Semester` VALUES(182,'2018-2019',300000);
INSERT INTO `Semester` VALUES(191,'2019-2020',320000);
INSERT INTO `Semester` VALUES(192,'2019-2020',320000);
INSERT INTO `Semester` VALUES(201,'2020-2021',350000);

/* Nhap gia tri cho bang Register */
INSERT INTO `Register` VALUES(2010365,3001,201);
INSERT INTO `Register` VALUES(2010228,3001,201);
INSERT INTO `Register` VALUES(2010396,3001,201);
INSERT INTO `Register` VALUES(2010742,3001,201);
INSERT INTO `Register` VALUES(2010837,3001,201);
INSERT INTO `Register` VALUES(2010925,3001,201);
INSERT INTO `Register` VALUES(2011386,3001,201);
INSERT INTO `Register` VALUES(2011457,3001,201);
INSERT INTO `Register` VALUES(2011595,3001,201);
INSERT INTO `Register` VALUES(2011833,3001,201);
INSERT INTO `Register` VALUES(2012654,3001,201);
INSERT INTO `Register` VALUES(2013523,3001,201);
INSERT INTO `Register` VALUES(2014394,3001,201);
INSERT INTO `Register` VALUES(2010365,3003,201);
INSERT INTO `Register` VALUES(2010228,3003,201);
INSERT INTO `Register` VALUES(2010396,3003,201);
INSERT INTO `Register` VALUES(2010742,3003,201);
INSERT INTO `Register` VALUES(2010837,3003,201);
INSERT INTO `Register` VALUES(2010925,3003,201);
INSERT INTO `Register` VALUES(2011386,3003,201);
INSERT INTO `Register` VALUES(2011457,3003,201);
INSERT INTO `Register` VALUES(2011595,3003,201);
INSERT INTO `Register` VALUES(2011833,3003,201);
INSERT INTO `Register` VALUES(2012654,3003,201);
INSERT INTO `Register` VALUES(2013523,3003,201);
INSERT INTO `Register` VALUES(2014394,3003,201);
INSERT INTO `Register` VALUES(2010365,1007,201);
INSERT INTO `Register` VALUES(2010228,1007,201);
INSERT INTO `Register` VALUES(2010396,1007,201);
INSERT INTO `Register` VALUES(2010742,1007,201);
INSERT INTO `Register` VALUES(2010837,1007,201);
INSERT INTO `Register` VALUES(2010365,1001,201);
INSERT INTO `Register` VALUES(2010228,1001,201);
INSERT INTO `Register` VALUES(2010396,1001,201);
INSERT INTO `Register` VALUES(2010742,1001,201);
INSERT INTO `Register` VALUES(2010837,1001,201);
INSERT INTO `Register` VALUES(1911949,1002,201);
INSERT INTO `Register` VALUES(1918224,1002,201);
INSERT INTO `Register` VALUES(1911949,1003,201);
INSERT INTO `Register` VALUES(1918224,1003,201);
INSERT INTO `Register` VALUES(1810375,1004,201);
INSERT INTO `Register` VALUES(1810673,1004,201);

/* Nhap gia tri cho bang Teacher */
INSERT INTO `Teacher` VALUES(101,'Trần Trọng Hiếu',1);
INSERT INTO `Teacher` VALUES(103,'Võ Thành Công',1);
INSERT INTO `Teacher` VALUES(105,'Hồ Quang Hải',1);
INSERT INTO `Teacher` VALUES(106,'Hồ Ngọc Tấn',1);
INSERT INTO `Teacher` VALUES(108,'Nguyễn Thanh Vân',1);
INSERT INTO `Teacher` VALUES(109,'Lê Văn Lộc',1);
INSERT INTO `Teacher` VALUES(110,'Trần Duy Tường',1);
INSERT INTO `Teacher` VALUES(201,'Nguyễn Thế Kiệt',2);
INSERT INTO `Teacher` VALUES(202,'Nguyễn Tuấn Anh',2);
INSERT INTO `Teacher` VALUES(203,'Nguyễn Trung Quân',2);
INSERT INTO `Teacher` VALUES(301,'Đỗ Minh Khôi',3);
INSERT INTO `Teacher` VALUES(302,'Huỳnh Thị Thủy Tiên',3);
INSERT INTO `Teacher` VALUES(304,'Nguyễn Minh Thùy',3);
INSERT INTO `Teacher` VALUES(305,'Trương Văn Long',3);
INSERT INTO `Teacher` VALUES(401,'Nguyễn Tấn Đạt',4);
INSERT INTO `Teacher` VALUES(402,'Trần Duy Khang',4);

/* Nhap gia tri cho bang Class */
INSERT INTO `Class` VALUES(20101,2,'H1',402,0,3001,302);
INSERT INTO `Class` VALUES(20102,2,'H2',201,0,3003,305);
INSERT INTO `Class` VALUES(20103,2,'H1',304,0,1007,110);
INSERT INTO `Class` VALUES(20104,2,'H2',202,0,1001,101);
INSERT INTO `Class` VALUES(20105,2,'H6',311,0,1002,103);
INSERT INTO `Class` VALUES(20106,2,'H6',312,0,1003,106);
INSERT INTO `Class` VALUES(20107,2,'H6',113,0,1004,108);

/* Nhap gia tri cho bang TakeClass */
INSERT INTO `TakeClass` VALUES(2010365,20101,201);
INSERT INTO `TakeClass` VALUES(2010228,20101,201);
INSERT INTO `TakeClass` VALUES(2010396,20101,201);
INSERT INTO `TakeClass` VALUES(2010742,20101,201);
INSERT INTO `TakeClass` VALUES(2010837,20101,201);
INSERT INTO `TakeClass` VALUES(2010925,20101,201);
INSERT INTO `TakeClass` VALUES(2011386,20101,201);
INSERT INTO `TakeClass` VALUES(2011457,20101,201);
INSERT INTO `TakeClass` VALUES(2011595,20101,201);
INSERT INTO `TakeClass` VALUES(2011833,20101,201);
INSERT INTO `TakeClass` VALUES(2012654,20101,201);
INSERT INTO `TakeClass` VALUES(2013523,20101,201);
INSERT INTO `TakeClass` VALUES(2014394,20101,201);
INSERT INTO `TakeClass` VALUES(2010365,20102,201);
INSERT INTO `TakeClass` VALUES(2010228,20102,201);
INSERT INTO `TakeClass` VALUES(2010396,20102,201);
INSERT INTO `TakeClass` VALUES(2010742,20102,201);
INSERT INTO `TakeClass` VALUES(2010837,20102,201);
INSERT INTO `TakeClass` VALUES(2010925,20102,201);
INSERT INTO `TakeClass` VALUES(2011386,20102,201);
INSERT INTO `TakeClass` VALUES(2011457,20102,201);
INSERT INTO `TakeClass` VALUES(2011595,20102,201);
INSERT INTO `TakeClass` VALUES(2011833,20102,201);
INSERT INTO `TakeClass` VALUES(2012654,20102,201);
INSERT INTO `TakeClass` VALUES(2013523,20102,201);
INSERT INTO `TakeClass` VALUES(2014394,20102,201);
INSERT INTO `TakeClass` VALUES(2010365,20103,201);
INSERT INTO `TakeClass` VALUES(2010228,20103,201);
INSERT INTO `TakeClass` VALUES(2010396,20103,201);
INSERT INTO `TakeClass` VALUES(2010742,20103,201);
INSERT INTO `TakeClass` VALUES(2010837,20103,201);
INSERT INTO `TakeClass` VALUES(2010365,20104,201);
INSERT INTO `TakeClass` VALUES(2010228,20104,201);
INSERT INTO `TakeClass` VALUES(2010396,20104,201);
INSERT INTO `TakeClass` VALUES(2010742,20104,201);
INSERT INTO `TakeClass` VALUES(2010837,20104,201);
INSERT INTO `TakeClass` VALUES(1911949,20105,201);
INSERT INTO `TakeClass` VALUES(1918224,20105,201);
INSERT INTO `TakeClass` VALUES(1911949,20106,201);
INSERT INTO `TakeClass` VALUES(1918224,20106,201);
INSERT INTO `TakeClass` VALUES(1810375,20107,201);
INSERT INTO `TakeClass` VALUES(1810673,20107,201);

/* Nhap gia tri cho bang Teach */
INSERT INTO `Teach` VALUES(20101,302,'123456_12345');
INSERT INTO `Teach` VALUES(20102,305,'123456_12345');
INSERT INTO `Teach` VALUES(20103,108,'123456_12345');
INSERT INTO `Teach` VALUES(20104,101,'123456_');
INSERT INTO `Teach` VALUES(20104,109,'_123');
INSERT INTO `Teach` VALUES(20104,105,'_45');
INSERT INTO `Teach` VALUES(20105,103,'123456_12345');
INSERT INTO `Teach` VALUES(20106,106,'123456_12345');
INSERT INTO `Teach` VALUES(20107,108,'123456_12345');

/* Nhap gia tri cho bang Undertake */
INSERT INTO `Undertake` VALUES(1001,101,'Main');
INSERT INTO `Undertake` VALUES(1002,103,'Main');
INSERT INTO `Undertake` VALUES(1003,106,'Main');
INSERT INTO `Undertake` VALUES(1004,108,'Main');
INSERT INTO `Undertake` VALUES(2003,201,'Main');
INSERT INTO `Undertake` VALUES(2009,201,'Main');
INSERT INTO `Undertake` VALUES(3001,302,'Main');
INSERT INTO `Undertake` VALUES(3007,301,'Main');
INSERT INTO `Undertake` VALUES(4001,402,'Main');
INSERT INTO `Undertake` VALUES(1007,110,'Main');
INSERT INTO `Undertake` VALUES(3003,305,'Main');

/* Nhap gia tri cho bang Textbook */
INSERT INTO `Textbook` VALUES(123846,'Toán Rời Rạc 1',2012,NULL,NULL);
INSERT INTO `Textbook` VALUES(213412,'Data Structure and Algorithm',2014,NULL,NULL);
INSERT INTO `Textbook` VALUES(643874,'Lập Trình C++',2010,NULL,NULL);
INSERT INTO `Textbook` VALUES(213416,'Mạng Máy Tính',2009,NULL,NULL);
INSERT INTO `Textbook` VALUES(954436,'Mạng Máy Tính Nâng Cao',2016,NULL,NULL);
INSERT INTO `Textbook` VALUES(423567,'Cơ Lý Thuyết',2014,NULL,NULL);
INSERT INTO `Textbook` VALUES(342876,'Giáo Trình Giải Tích 1',2006,NULL,NULL);
INSERT INTO `Textbook` VALUES(437964,'Vật Lý 1',2007,NULL,NULL);
INSERT INTO `Textbook` VALUES(548764,'Phương Pháp Tính',2008,NULL,NULL);
INSERT INTO `Textbook` VALUES(432789,'Kỹ Thuật Số',2012,NULL,NULL);

/* Nhap gia tri cho bang Use */
INSERT INTO `Use` VALUES(1001,123846);
INSERT INTO `Use` VALUES(1002,213412);
INSERT INTO `Use` VALUES(1003,643874);
INSERT INTO `Use` VALUES(1004,213416);
INSERT INTO `Use` VALUES(1004,954436);
INSERT INTO `Use` VALUES(2003,423567);
INSERT INTO `Use` VALUES(3001,342876);
INSERT INTO `Use` VALUES(3003,437964);
INSERT INTO `Use` VALUES(3007,548764);
INSERT INTO `Use` VALUES(4001,432789);

